feature,coef
high_temp,0.5762264515538319
high_ripple,0.5284121443417803
drift_station,0.5146849453595128
opti_vendor,0.1419482264131989
log10_ber,0.04524085427765699
temp_c,0.00750935071562867
ripple_mv,0.003055092859054313
eye_height_mv,6.005065384708498e-05
rx_power_dbm,-0.024235516854973924
q_factor,-0.06903452996041104
test_FUNCTIONAL,-0.5979820773592271
test_ICT,-0.746656569190679
test_OPTICAL,-0.746718281808246
test_BURNIN,-0.9119947700621325
