driver,fail_present,fail_absent,lift_ratio
HIGH_TEMP,0.041543675522,0.018406836675,2.25696985612004
HIGH_RIPPLE,0.035696008188,0.018804895308,1.8982295622148
DRIFT_STATION,0.026556790327,0.015932464925,1.66683500964933
OPTIC_VENDOR_OPTICORE,0.022005658597,0.018279806423,1.20382339329983
