n_returns_used,weibull_shape_k,weibull_scale_lambda_days,median_ttf_days,p10_ttf_days,p90_ttf_days
455,2.2280230130473315,76.41526309642595,64.82433337525725,27.831088637691668,111.109911087921
